Constituency,Winner,WinnerParty
Araku,Kothapalli Geetha,YSR Congress Party
Srikakulam,Ram Mohan Naidu Kinjarapu,Telugu Desam Party
Vizianagaram,Pusapati Ashok Gajapathi Raju,Telugu Desam Party
Visakhapatnam,Kambhampati Hari Babu,Bharatiya Janata Party
Anakapalli,Muttamsetti Srinivasa Rao,Telugu Desam Party
Kakinada,Thota Narasimham,Telugu Desam Party
Amlapuram,Pandula Ravindra Babu,Telugu Desam Party
Rajahmundry,Murali Mohan Maganti,Telugu Desam Party
Narsapuram,Gokaraju Ganga Raju,Bharatiya Janata Party
Eluru,Maganti Venkateswara Rao,Telugu Desam Party
Machilipatnam,Konakalla Narayana Rao,Telugu Desam Party
Vijayawada,Kesineni Srinivas,Telugu Desam Party
Guntur,Galla Jayadev,Telugu Desam Party
Narasaraopet,Rayapati Sambasiva Rao,Telugu Desam Party
Bapatla,Malyadri Sriram,Telugu Desam Party
Ongole,Y. V. Subba Reddy (Resigned on 20 June 2018) Vacant,Vacant
Nandyal,S. P. Y. Reddy,YSR Congress Party
Kurnool,Butta Renuka,YSR Congress Party
Anantapur,J. C. Diwakar Reddy,Telugu Desam Party
Hindupur,Kristappa Nimmala,Telugu Desam Party
Kadapa,Y. S. Avinash Reddy (Resigned on 20 June 2018) Vacant,Vacant
Nellore,Mekapati Rajamohan Reddy (Resigned on 20 June 2018) Vacant,Vacant
Tirupati,Varaprasad Rao Velagapalli (Resigned on 20 June 2018) Vacant,Vacant
Rajampet,P. V. Midhun Reddy (Resigned on 20 June 2018) Vacant,Vacant
Chittoor,Naramalli Sivaprasad,Telugu Desam Party
Arunachal East,Ninong Ering,Indian National Congress
Arunachal West,Kiren Rijiju,Bharatiya Janata Party
Karimganj,Radheshyam Biswas,All India United Democratic Front
Silchar,Sushmita Dev,Indian National Congress
Autonomous District,Biren Sing Engti,Indian National Congress
Dhubri,Badruddin Ajmal,All India United Democratic Front
Kokrajhar,Naba Kumar Saranyia,Independent
Barpeta,Sirajuddin Ajmal,All India United Democratic Front
Guwahati,Bijoya Chakravarty,Bharatiya Janata Party
Mangaldoi,Ramen Deka,Bharatiya Janata Party
Tezpur,Ram Prasad Sharma,Bharatiya Janata Party
Nagaon,Rajen Gohain,Bharatiya Janata Party
Kaliabor,Gaurav Gogoi,Indian National Congress
Jorhat,Kamakhya Prasad Tasa,Bharatiya Janata Party
Dibrugarh,Rameswar Teli,Bharatiya Janata Party
Lakhimpur,Sarbananda Sonowal (Resigned on 23 May 2016) Pradan Baruah (Elected on 22 November 2016),Bharatiya Janata Party
Valmiki Nagar,Satish Chandra Dubey,Bharatiya Janata Party
Pashchim Champaran,Sanjay Jaiswal,Bharatiya Janata Party
Purba Champaran,Radha Mohan Singh,Bharatiya Janata Party
Sheohar,Rama Devi,Bharatiya Janata Party
Sitamarhi,Ram Kumar Sharma,Rashtriya Lok Samta Party
Madhubani,Hukmdev Narayan Yadav,Bharatiya Janata Party
Jhanjharpur,Birendra Kumar Chaudhary,Bharatiya Janata Party
Supaul,Ranjeet Ranjan,Indian National Congress
Araria,Mohammed Taslimuddin (Died on 17 September 2017)[4] Sarfaraz Alam (Elected on 14 March 2018),Rashtriya Janata Dal
Kishanganj,Mohammad Asrarul Haque (Died on 7 December 2018) Vacant,Vacant
Katihar,Tariq Anwar (Resigned on 28 September 2018) Vacant,Vacant
Purnia,Santosh Kumar,Janata Dal (United)
Madhepura,Rajesh Ranjan (Pappu Yadav),Rashtriya Janata Dal
Darbhanga,Kirti Azad,Bharatiya Janata Party
Muzaffarpur,Ajay Nishad,Bharatiya Janata Party
Vaishali,Rama Kishor Singh,Lok Janshakti Party
Gopalganj,Janak Ram,Bharatiya Janata Party
Siwan,Om Prakash Yadav,Bharatiya Janata Party
Maharajganj,Janardan Singh Sigriwal,Bharatiya Janata Party
Saran (Chhapra),Rajiv Pratap Rudy,Bharatiya Janata Party
Hajipur,Ram Vilas Paswan,Lok Janshakti Party
Ujiapur,Nityanand Rai,Bharatiya Janata Party
Samastipur,Ram Chandra Paswan,Lok Janshakti Party
Begusarai,Bhola Singh (Died on 19 October 2018) Vacant,Vacant
Khagaria,Mehboob Ali Kaiser,Lok Janshakti Party
Bhagalpur,Bulo Mandal,Rashtriya Janata Dal
Banka,Jay Prakash Narayan Yadav,Rashtriya Janata Dal
Munger,Veena Devi,Lok Janshakti Party
Nalanda,Kaushalendra Kumar,Janata Dal (United)
Patna Sahib,Shatrughan Sinha,Bharatiya Janata Party
Pataliputra,Ram Kripal Yadav,Bharatiya Janata Party
Arrah,Raj Kumar Singh,Bharatiya Janata Party
Buxar,Ashwini Kumar Choubey,Bharatiya Janata Party
Sasaram,Chhedi Paswan,Bharatiya Janata Party
Karakat,Upendra Kushwaha,Rashtriya Lok Samta Party
Jahanabad,Arun Kumar,Rashtriya Lok Samta Party
Aurangabad,Sushil Kumar Singh,Bharatiya Janata Party
Gaya,Hari Manjhi,Bharatiya Janata Party
Nawada,Giriraj Singh,Bharatiya Janata Party
Jamui,Chirag Paswan,Lok Janshakti Party
Surguja,Kamalbhan Singh Marabi,Bharatiya Janata Party
Raigarh,Vishnu Deo Sai,Bharatiya Janata Party
Janjgir-Champa,Kamla Devi Patle,Bharatiya Janata Party
Korba,Banshilal Mahto,Bharatiya Janata Party
Bilaspur,Lakhan Lal Sahu,Bharatiya Janata Party
Rajnandgaon,Abhishek Singh,Bharatiya Janata Party
Durg,Tamradhwaj Sahu (Resigned on 17 December 2018) Vacant,Vacant
Raipur,Ramesh Bais,Bharatiya Janata Party
Mahasamund,Chandu Lal Sahu,Bharatiya Janata Party
Bastar,Dinesh Kashyap,Bharatiya Janata Party
Kanker,Vikram Usendi,Bharatiya Janata Party
North Goa,Shripad Yasso Naik,Bharatiya Janata Party
South Goa,Narendra Keshav Sawaikar,Bharatiya Janata Party
Kachchh,Vinodbhai Chavda,Bharatiya Janata Party
Banas Kantha,Haribhai Parthibhai Chaudhary,Bharatiya Janata Party
Patan,Liladharbhai Khodaji Vaghela,Bharatiya Janata Party
Mahesana,Jayshreeben Kanubhai Patel,Bharatiya Janata Party
Sabar Kantha,Dipsinh Shankarsinh Rathod,Bharatiya Janata Party
Gandhinagar,L. K. Advani,Bharatiya Janata Party
Ahmadabad (East),Paresh Rawal,Bharatiya Janata Party
Ahmadabad (West),Kirit Premjibhai Solanki,Bharatiya Janata Party
Surendranagar,Devjibhai Govindbhai Fatepara,Bharatiya Janata Party
Rajkot,Mohan Kundariya,Bharatiya Janata Party
Porbandar,Vitthalbhai Hansrajbhai Radadiya,Bharatiya Janata Party
Jamnagar,Poonamben Madam,Bharatiya Janata Party
Junagadh,Rajesh Chudasama,Bharatiya Janata Party
Amreli,Naranbhai Kachhadia,Bharatiya Janata Party
Bhavnagar,Bhartiben Shiyal,Bharatiya Janata Party
Anand,Dilip Patel,Bharatiya Janata Party
Kheda,Devusinh Jesingbhai Chauhan,Bharatiya Janata Party
Panch Mahals,Prabhatsinh Pratapsinh Chauhan,Bharatiya Janata Party
Dohad,Jasvantsinh Sumanbhai Bhabhor,Bharatiya Janata Party
Vadodara,Narendra Modi (Resigned on 29 May 2014) Ranjanben Bhatt (Elected on 16 September 2014),Bharatiya Janata Party
Chhota Udaipur,Ramsinh Rathwa,Bharatiya Janata Party
Bharuch,Mansukhbhai Vasava,Bharatiya Janata Party
Bardoli,Vasava Parbhubhai Nagarbhai,Bharatiya Janata Party
Surat,Darshana Vikram Jardosh,Bharatiya Janata Party
Navsari,Chandrakant Raghunath Patil,Bharatiya Janata Party
Valsad,K. C. Patel,Bharatiya Janata Party
Ambala,Rattan Lal Kataria,Bharatiya Janata Party
Krukshetra,Raj Kumar Saini,Bharatiya Janata Party
Sirsa,Charanjeet Singh Rori,Indian National Lok Dal
Hisar,Dushyant Chautala,Indian National Lok Dal
Karnal,Ashwini Kumar,Bharatiya Janata Party
Sonipat,Ramesh Chander Kaushik,Bharatiya Janata Party
Rohtak,Deepender Singh Hooda,Indian National Congress
Bhiwani - Mahendragarh,Dharambir Singh,Bharatiya Janata Party
Gurgaon,Inderjit Singh Rao,Bharatiya Janata Party
Faridabad,Krishan Pal Gurjar,Bharatiya Janata Party
Mandi,Ram Swaroop Sharma,Bharatiya Janata Party
Kangra,Shanta Kumar,Bharatiya Janata Party
Hamirpur,Anurag Singh Thakur,Bharatiya Janata Party
Shimla,Virender Kashyap,Bharatiya Janata Party
Baramula,Muzaffar Hussain Baig,Jammu and Kashmir Peoples Democratic Party
Srinagar,Tariq Hameed Karra (Resigned on 17 October 2016) Farooq Abdullah (Elected on 15 April 2017),Jammu and Kashmir National Conference
Anantnag,Mehbooba Mufti (Resigned on 4 July 2016) Vacant,Vacant
Leh (Ladakh),Thupstan Chhewang (Resigned on 13 December 2018) Vacant,Vacant
Udhampur,Jitendra Singh,Bharatiya Janata Party
Jammu,Jugal Kishore,Bharatiya Janata Party
Rajmahal,Vijay Kumar Hansdak,Jharkhand Mukti Morcha
Dumka,Shibu Soren,Jharkhand Mukti Morcha
Godda,Nishikant Dubey,Bharatiya Janata Party
Chatra,Sunil Kumar Singh,Bharatiya Janata Party
Kodarma,Ravindra Kumar Ray,Bharatiya Janata Party
Giridih,Ravindra Kumar Pandey,Bharatiya Janata Party
Dhanbad,Pashupati Nath Singh,Bharatiya Janata Party
Ranchi,Ram Tahal Choudhary,Bharatiya Janata Party
Jamshedpur,Bidyut Baran Mahato,Bharatiya Janata Party
Singhbhum,Laxman Giluwa,Bharatiya Janata Party
Khunti,Karia Munda,Bharatiya Janata Party
Lohardaga,Sudarshan Bhagat,Bharatiya Janata Party
Palamu,Vishnu Dayal Ram,Bharatiya Janata Party
Hazaribagh,Jayant Sinha,Bharatiya Janata Party
Chikkodi,Prakash Babanna Hukkeri,Indian National Congress
Belgaum,Suresh Angadi,Bharatiya Janata Party
Bagalkot,P. C. Gaddigoudar,Bharatiya Janata Party
Bijapur,Ramesh Jigajinagi,Bharatiya Janata Party
Gulbarga,Mallikarjun Kharge,Indian National Congress
Raichur,B. V. Nayak,Indian National Congress
Bidar,Bhagwanth Khuba,Bharatiya Janata Party
Koppal,Karadi Sanganna Amarappa,Bharatiya Janata Party
Bellary,B. Sriramulu (Resigned on 18 May 2018) V. S. Ugrappa (Elected on 6 November 2018),Indian National Congress
Haveri,Shivkumar Chanabasappa Udasi,Bharatiya Janata Party
Dharwad,Pralhad Joshi,Bharatiya Janata Party
Uttara Kannada,Ananthkumar Hegde,Bharatiya Janata Party
Davanagere,G. M. Siddeshwara,Bharatiya Janata Party
Shimoga,B. S. Yeddyurappa (Resigned on 18 May 2018) B. Y. Raghavendra (Elected on 6 November 2018),Bharatiya Janata Party
Udupi Chikmagalur,Shobha Karandlaje,Bharatiya Janata Party
Hassan,H. D. Deve Gowda,Janata Dal (Secular)
Dakshina Kannada,Nalin Kumar Kateel,Bharatiya Janata Party
Chitradurga,B. N. Chandrappa,Indian National Congress
Tumkur,S. P. Muddahanumegowda,Indian National Congress
Mandya,C. S. Puttaraju (Resigned on 21 May 2018) L. R. Shivaramegowda (Elected on 6 November 2018),Janata Dal (Secular)
Mysore,Pratap Simha,Bharatiya Janata Party
Chamrajnagar,R. Dhruvanarayana,Indian National Congress
Bangalore Rural,D. K. Suresh,Indian National Congress
Bangalore North,D. V. Sadananda Gowda,Bharatiya Janata Party
Bangalore Central,P. C. Mohan,Bharatiya Janata Party
Bangalore South,Ananth Kumar (Died on 12 November 2018),Bharatiya Janata Party
Chikkaballapura,Veerappa Moily,Indian National Congress
Kolar,K. H. Muniyappa,Indian National Congress
Kasaragod,P. Karunakaran,Communist Party of India (Marxist)
Kannur,P. K. Sreemathy,Communist Party of India (Marxist)
Vadakara,Mullappally Ramachandran,Indian National Congress
Wayanad,M. I. Shanavas (Died on 21 November 2018) Vacant,Vacant
Kozhikode,M. K. Raghavan,Indian National Congress
Malappuram,E. Ahamed (Died on 1 February 2017) P. K. Kunhalikutty (Elected on 17 April 2017),Indian Union Muslim League
Ponnani,E. T. Muhammed Basheer,Indian Union Muslim League
Palakkad,M. B. Rajesh,Communist Party of India (Marxist)
Alathur,P. K. Biju,Communist Party of India (Marxist)
Thrissur,C. N. Jayadevan,Communist Party of India
Chalakudy,Innocent Vareed Thekkethala,Independent
Ernakulam,K. V. Thomas,Indian National Congress
Idukki,Joice George,Independent
Kottayam,Jose K. Mani (Ceased on 14 June 2018) Vacant,Vacant
Alappuzha,K. C. Venugopal,Indian National Congress
Mavelikkara,Kodikunnil Suresh,Indian National Congress
Pathanamthitta,Anto Antony,Indian National Congress
Kollam,N. K. Premachandran,Revolutionary Socialist Party
Attingal,Anirudhan Sampath,Communist Party of India (Marxist)
Thiruvananthapuram,Shashi Tharoor,Indian National Congress
Morena,Anoop Mishra,Bharatiya Janata Party
Bhind,Bhagirath Prasad,Bharatiya Janata Party
Gwalior,Narendra Singh Tomar,Bharatiya Janata Party
Guna,Jyotiraditya Madhavrao Scindia,Indian National Congress
Sagar,Laxmi Narayan Yadav,Bharatiya Janata Party
Tikamgarh,Virendra Kumar,Bharatiya Janata Party
Damoh,Prahlad Singh Patel,Bharatiya Janata Party
Khajuraho,Nagendra Singh,Bharatiya Janata Party
Satna,Ganesh Singh,Bharatiya Janata Party
Rewa,Janardan Mishra,Bharatiya Janata Party
Sidhi,Riti Pathak,Bharatiya Janata Party
Shahdol,Dalpat Singh Paraste (Died on 1 June 2016) Gyan Singh (Elected on 22 November 2016),Bharatiya Janata Party
Jabalpur,Rakesh Singh,Bharatiya Janata Party
Mandla,Faggan Singh Kulaste,Bharatiya Janata Party
Balaghat,Bodh Singh Bhagat,Bharatiya Janata Party
Chhindwara,Kamal Nath (Resigned on 17 December 2018) Vacant,Vacant
Hoshangabad,Uday Pratap Singh,Bharatiya Janata Party
Vidisha,Sushma Swaraj,Bharatiya Janata Party
Bhopal,Alok Sanjar,Bharatiya Janata Party
Rajgarh,Rodmal Nagar,Bharatiya Janata Party
Dewas,Manohar Untwal,Bharatiya Janata Party
Ujjain,Chintamani Malviya,Bharatiya Janata Party
Mandsaur,Sudhir Gupta,Bharatiya Janata Party
Ratlam,Dileep Singh Bhuria (Died on 24 June 2015) Kantilal Bhuria (Elected on 24 November 2015),Indian National Congress
Dhar,Savitri Thakur,Bharatiya Janata Party
Indore,Sumitra Mahajan,Bharatiya Janata Party
Khargone,Subhash Patel,Bharatiya Janata Party
Khandwa,Nandkumar Singh Chauhan,Bharatiya Janata Party
Betul,Jyoti Dhurve,Bharatiya Janata Party
Nandurbar,Heena Vijaykumar Gavit,Bharatiya Janata Party
Dhule,Subhash Ramrao Bhamre,Bharatiya Janata Party
Jalgaon,A. T. Patil,Bharatiya Janata Party
Raver,Raksha Nikhil Khadase,Bharatiya Janata Party
Buldana,Prataprao Ganpatrao Jadhav,Shiv Sena
Akola,Sanjay Shamrao Dhotre,Bharatiya Janata Party
Amravati,Anandrao Vithoba Adsul,Shiv Sena
Wardha,Ramdas Tadas,Bharatiya Janata Party
Ramtek,Krupal Balaji Tumane,Shiv Sena
Nagpur,Nitin Gadkari,Bharatiya Janata Party
Bhandara - Gondiya,Nanabhau Patole (Resigned on 8 December 2017) Madhukar Kukde (Elected on 31 May 2018),Nationalist Congress Party
Garhchiroli - Chimur,Ashok Nete,Bharatiya Janata Party
Chandrapur,Hansraj Gangaram Ahir,Bharatiya Janata Party
Yavatmal - Washim,Bhavana Pundlikrao Gawali,Shiv Sena
Hingoli,Rajeev Shankarrao Satav,Indian National Congress
Nanded,Ashok Chavan,Indian National Congress
Parbhani,Sanjay Haribhau Jadhav,Shiv Sena
Jalna,Raosaheb Dadarao Danve,Bharatiya Janata Party
Aurangabad,Chandrakant Khaire,Shiv Sena
Dindori,Harishchandra Chavan,Bharatiya Janata Party
Nashik,Hemant Tukaram Godse,Shiv Sena
Palghar,Chintaman Vanaga (Died on 30 January 2018) Rajendra Gavit (Elected on 31 May 2018),Bharatiya Janata Party
Biwandi,Kapil Moreshwar Patil,Bharatiya Janata Party
Kalyan,Shrikant Eknath Shinde,Shiv Sena
Thane,Rajan Vichare,Shiv Sena
Mumbai North,Gopal Chinayya Shetty,Bharatiya Janata Party
Mumbai North-West,Gajanan Kirtikar,Shiv Sena
Mumbai North-East,Kirit Somaiya,Bharatiya Janata Party
Mumbai North-Central,Poonam Mahajan,Bharatiya Janata Party
Mumbai South-Central,Rahul Shewale,Shiv Sena
Mumbai South,Arvind Sawant,Shiv Sena
Raigad,Anant Geete,Shiv Sena
Maval,Shrirang Chandu Barne,Shiv Sena
Pune,Anil Shirole,Bharatiya Janata Party
Baramati,Supriya Sule,Nationalist Congress Party
Shirur,Adhalrao Shivaji Dattatray,Shiv Sena
Ahmadnagar,Dilipkumar Gandhi,Bharatiya Janata Party
Shirdi,Lokhande Sadashiv Kisan,Shiv Sena
Beed,Gopinathrao Pandurang Munde (Died on 3 June 2014) Pritam Munde (Elected on 19 October 2014),Bharatiya Janata Party
Osmanabad,Ravindra Gaikwad,Shiv Sena
Latur,Sunil Baliram Gaikwad,Bharatiya Janata Party
Solapur,Sharad Bansode,Bharatiya Janata Party
Madha,Vijaysinh Mohiteï¿½Patil,Nationalist Congress Party
Sangli,Sanjaykaka Patil,Bharatiya Janata Party
Satara,Udayanraje Bhosale,Nationalist Congress Party
Ratnagiri - Sindhudurg,Vinayak Raut,Shiv Sena
Kolhapur,Dhananjay Bhimrao Mahadik,Nationalist Congress Party
Hatkanangle,Raju Shetti,Swabhimani Paksha
Inner Manipur,Thokchom Meinya,Indian National Congress
Outer Manipur,Thangso Baite,Indian National Congress
Shillong,Vincent Pala,Indian National Congress
Tura,P. A. Sangma (Died on 4 March 2016) Conrad Sangma (Elected on 19 May 2016 and Resigned on 4 September 2018) Vacant,Vacant
Mizoram,C. L. Ruala,Indian National Congress
Nagaland,Neiphiu Rio (Resigned on 22 February 2018) Tokheho Yepthomi (Elected on 31 May 2018),Nationalist Democratic Progressive Party
Bargarh,Prabhas Kumar Singh,Biju Janata Dal
Sundargarh,Jual Oram,Bharatiya Janata Party
Sambalpur,Nagendra Kumar Pradhan,Biju Janata Dal
Kendujhar,Sakuntala Laguri,Biju Janata Dal
Mayurbhanj,Rama Chandra Hansdah,Biju Janata Dal
Baleshwar,Rabindra Kumar Jena,Biju Janata Dal
Bhadrak,Arjun Charan Sethi,Biju Janata Dal
Jajapur,Rita Tarai,Biju Janata Dal
Dhenkanal,Tathagata Satpathy,Biju Janata Dal
Bolangir,Kalikesh Narayan Singh Deo,Biju Janata Dal
Kalahandi,Arka Keshari Deo,Biju Janata Dal
Nabarangapur,Balabhadra Majhi,Biju Janata Dal
Kandhamal,Hemendra Chandra Singh (Died on 5 September 2014) Pratyusha Rajeshwari Singh (Elected on 19 October 2015),Biju Janata Dal
Cuttack,Bhartruhari Mahtab,Biju Janata Dal
Kendrapara,Baijayant Panda (Resigned on 18 July 2018) Vacant,Vacant
Jagatsinghpur,Kulamani Samal,Biju Janata Dal
Puri,Pinaki Misra,Biju Janata Dal
Bhubaneswar,Prasanna Kumar Patasani,Biju Janata Dal
Aska,Ladu Kishore Swain,Biju Janata Dal
Berhampur.,Sidhant Mohapatra,Biju Janata Dal
Koraput,Jhina Hikaka,Biju Janata Dal
Gurdaspur,Vinod Khanna (Died on 27 April 2017) Sunil Jakhar (Elected on 15 October 2017),Indian National Congress
Amritsar,Amarinder Singh (Resigned on 23 November 2016) Gurjeet Singh Aujla (Elected on 11 March 2017),Indian National Congress
Khadoor Sahib,Ranjit Singh Brahmpura,Shiromani Akali Dal
Jalandhar,Santokh Singh Chaudhary,Indian National Congress
Hoshiarpur,Vijay Sampla,Bharatiya Janata Party
Anandpur Sahib,Prem Singh Chandumajra,Shiromani Akali Dal
Ludhiana,Ravneet Singh Bittu,Indian National Congress
Fatehgarh Sahib,Harinder Singh Khalsa,Aam Aadmi Party
Faridkot,Sadhu Singh,Aam Aadmi Party
Firozpur,Sher Singh Ghubaya,Shiromani Akali Dal
Bathinda,Harsimrat Kaur Badal,Shiromani Akali Dal
Sangrur,Bhagwant Mann,Aam Aadmi Party
Patiala,Dharam Vira Gandhi,Aam Aadmi Party
Ganganagar,Nihalchand,Bharatiya Janata Party
Bikaner,Arjun Ram Meghwal,Bharatiya Janata Party
Churu,Rahul Kaswan,Bharatiya Janata Party
Jhunjhunun,Santosh Ahlawat,Bharatiya Janata Party
Sikar,Sumedhanand Saraswati,Bharatiya Janata Party
Tonk - Sawai Madhopur,Sukhbir Singh Jaunapuria,Bharatiya Janata Party
Jaipur,Ramcharan Bohara,Bharatiya Janata Party
Alwar,Chand Nath (Died on 17 September 2017) Karan Singh Yadav (Elected on 1 February 2018),Indian National Congress
Bharatpur,Bahadur Singh Koli,Bharatiya Janata Party
Karauli - Dhaulpur,Manoj Rajoria,Bharatiya Janata Party
Dausa,Harish Meena (Resigned on 14 November 2018) Vacant,Vacant
Jaipur Rural,Rajyavardhan Singh Rathore,Bharatiya Janata Party
Ajmer,Sanwar Lal Jat (Died on 9 August 2017) Raghu Sharma (Elected on 1 February 2018 and Resigned on 17 December 2018) Vacant,Vacant
Nagaur,C R Choudhary,Bharatiya Janata Party
Pali,P P Choudhary,Bharatiya Janata Party
Jodhpur,Gajendrasingh Shekhawat,Bharatiya Janata Party
Barmer,Sonaram Choudhary,Bharatiya Janata Party
Jalore,Devji Patel,Bharatiya Janata Party
Udaipur,Arjunlal Meena,Bharatiya Janata Party
Banswara,Manshankar Ninama,Bharatiya Janata Party
Chittaurgarh,Chandraprakash Joshi,Bharatiya Janata Party
Rajsamand,Hariom Singh Rathore,Bharatiya Janata Party
Bhilwara,Subhash Baheria,Bharatiya Janata Party
Kota,Om Birla,Bharatiya Janata Party
Jhalawar - Baran,Dushyant Singh,Bharatiya Janata Party
Sikkim,Prem Das Rai,Sikkim Democratic Front
Tiruvallur,P. Venugopal,All India Anna Dravida Munnetra Kazhagam
Chennai North,T. G. Venkatesh Babu,All India Anna Dravida Munnetra Kazhagam
Chennai South,J. Jayavardhan,All India Anna Dravida Munnetra Kazhagam
Chennai Central,S. R. Vijayakumar,All India Anna Dravida Munnetra Kazhagam
Sriperumbudur,K. N. Thiru Ramachandran,All India Anna Dravida Munnetra Kazhagam
Kancheepuram,K. Maragatham,All India Anna Dravida Munnetra Kazhagam
Arakkonam,G. Hari,All India Anna Dravida Munnetra Kazhagam
Vellore,B. Senguttuvan,All India Anna Dravida Munnetra Kazhagam
Krishnagiri,K. Ashok Kumar,All India Anna Dravida Munnetra Kazhagam
Dharmapuri,Anbumani Ramadoss,Pattali Makkal Katchi
Tiruvannamalai,R. Vanaroja,All India Anna Dravida Munnetra Kazhagam
Arani,V. Elumalai,All India Anna Dravida Munnetra Kazhagam
Viluppuram,S. Rajendran,All India Anna Dravida Munnetra Kazhagam
Kallakurichi,K. Kamaraj,All India Anna Dravida Munnetra Kazhagam
Salem,V. Pannerselvam,All India Anna Dravida Munnetra Kazhagam
Namakkal,P. R. Sundaram,All India Anna Dravida Munnetra Kazhagam
Erode,S. Selvakumara Chinnayan,All India Anna Dravida Munnetra Kazhagam
Tiruppur,V. Sathyabama,All India Anna Dravida Munnetra Kazhagam
Nilgiris,C. Gopalakrishnan,All India Anna Dravida Munnetra Kazhagam
Coimbatore,P. Nagarajan,All India Anna Dravida Munnetra Kazhagam
Pollachi,C. Mahendran,All India Anna Dravida Munnetra Kazhagam
Dindigul,M. Udhayakumar,All India Anna Dravida Munnetra Kazhagam
Karur,M. Thambidurai,All India Anna Dravida Munnetra Kazhagam
Tiruchirappalli,P. Kumar,All India Anna Dravida Munnetra Kazhagam
Perambalur,R. P. Marutharajaa,All India Anna Dravida Munnetra Kazhagam
Cuddalore,A. Arunmozhithevan,All India Anna Dravida Munnetra Kazhagam
Chidambaram,M. Chandrakasi,All India Anna Dravida Munnetra Kazhagam
Mayiladuthurai,R. K. Bharathi Mohan,All India Anna Dravida Munnetra Kazhagam
Nagappattinam,K. Gopal,All India Anna Dravida Munnetra Kazhagam
Thanjavur,K. Parasuraman,All India Anna Dravida Munnetra Kazhagam
Shivaganga,P. R. Senthilnathan,All India Anna Dravida Munnetra Kazhagam
Madurai,R. Gopalakrishnan,All India Anna Dravida Munnetra Kazhagam
Theni,R. Parthipan,All India Anna Dravida Munnetra Kazhagam
Virudunagar,T. Radhakrishnan,All India Anna Dravida Munnetra Kazhagam
Ramanathapuram,A. Anwhar Raajhaa,All India Anna Dravida Munnetra Kazhagam
Thoothukkudi,J. Jeyasingh Thiyagaraj Natterjee,All India Anna Dravida Munnetra Kazhagam
Tenkasi,M. Vasanthi,All India Anna Dravida Munnetra Kazhagam
Tirunelveli,K. R. P. Prabakaran,All India Anna Dravida Munnetra Kazhagam
Kanniyakumari,Pon Radhakrishnan,Bharatiya Janata Party
Adilabad,G. Nagesh,Telangana Rashtra Samithi
Peddapalle,Balka Suman (Resigned on 17 December 2018) Vacant,Vacant
Karimnagar,Vinod Kumar Boianapalli,Telangana Rashtra Samithi
Nizamabad,Kalvakuntla Kavitha,Telangana Rashtra Samithi
Zahirabad,B. B. Patil,Telangana Rashtra Samithi
Medak,K. Chandrashekar Rao (Resigned on 27 May 2014) Kotha Prabhakar Reddy (Elected on 16 September 2014),Telangana Rashtra Samithi
Malkajgiri,Malla Reddy (Resigned on 14 December 2018) Vacant,Vacant
Secunderabad,Bandaru Dattatreya,Bharatiya Janata Party
Hyderabad,Asaduddin Owaisi,All India Majlis-e-Ittehadul Muslimeen
Chevella,Konda Vishweshwar Reddy (Resigned on 14 December 2018) Vacant,Vacant
Mahbubnagar,A. P. Jithender Reddy,Telangana Rashtra Samithi
Nagarkurnool,Nandi Yellaiah,Indian National Congress
Nalgonda,Gutha Sukender Reddy,Indian National Congress
Bhongir,Boora Narsaiah Goud,Telangana Rashtra Samithi
Warangal,Kadiyam Srihari (Resigned on 11 June 2015) Pasunuri Dayakar (Elected on 24 November 2015),Telangana Rashtra Samithi
Mahabubabad,A. Sitaram Naik,Telangana Rashtra Samithi
Khammam,Ponguleti Srinivas Reddy,YSR Congress Party
Tripura West,Sankar Prasad Datta,Communist Party of India (Marxist)
Tripura East,Jitendra Choudhury,Communist Party of India (Marxist)
Saharanpur,Raghav Lakhanpal,Bharatiya Janata Party
Kairana,Hukum Singh (Died on 3 February 2018) Begum Tabassum Hasan (Elected on 31 May 2018),Rashtriya Lok Dal
Muzaffarnagar,Dr. Sanjeev Kumar Balyan,Bharatiya Janata Party
Bijnor,Kunwar Bhartendra Singh,Bharatiya Janata Party
Nagina,Yashwant Singh,Bharatiya Janata Party
Moradabad,Kunwar Sarvesh Kumar Singh,Bharatiya Janata Party
Rampur,Naipal Singh,Bharatiya Janata Party
Sambhal,Satyapal Singh Saini,Bharatiya Janata Party
Amroha,Kanwar Singh Tanwar,Bharatiya Janata Party
Meerut,Rajendra Agrawal,Bharatiya Janata Party
Baghpat,Satyapal Singh,Bharatiya Janata Party
Ghaziabad,Vijay Kumar Singh,Bharatiya Janata Party
Gautam Buddha Nagar,Dr. Mahesh Sharma,Bharatiya Janata Party
Bulandshahr,Bhola Singh,Bharatiya Janata Party
Aligarh,Satish Kumar Gautam,Bharatiya Janata Party
Hathras,Rajesh Kumar Diwaker,Bharatiya Janata Party
Mathura,Hema Malini,Bharatiya Janata Party
Agra,Ram Shankar Katheria,Bharatiya Janata Party
Fatehpur Sikri,Choudhary Babulal,Bharatiya Janata Party
Firozabad,Akshay Yadav,Samajwadi Party
Mainpuri,Mulayam Singh Yadav (Resigned on 29 May 2014) Tej Pratap Singh Yadav (Elected on 16 September 2014),Samajwadi Party
Etah,Rajveer Singh,Bharatiya Janata Party
Budaun,Dharmendra Yadav,Samajwadi Party
Aonla,Dharmendra Kashyap,Bharatiya Janata Party
Bareilly,Santosh Kumar Gangwar,Bharatiya Janata Party
Pilibhit,Maneka Gandhi,Bharatiya Janata Party
Shahjahanpur,Krishna Raj,Bharatiya Janata Party
Kheri,Ajay Kumar Mishra,Bharatiya Janata Party
Dhaurahra,Rekha Verma,Bharatiya Janata Party
Sitapur,Rajesh Verma,Bharatiya Janata Party
Hardoi,Anshul Verma,Bharatiya Janata Party
Misrikh,Anju Bala,Bharatiya Janata Party
Unnao,Dr. Sachidanand Hari Sakshi,Bharatiya Janata Party
Mohanlalganj,Kaushal Kishore,Bharatiya Janata Party
Lucknow,Raj Nath Singh,Bharatiya Janata Party
Rae Bareli,Sonia Gandhi,Indian National Congress
Amethi,Rahul Gandhi,Indian National Congress
Sultanpur,Varun Gandhi,Bharatiya Janata Party
Pratapgarh,Kumar Harivansh Singh,Apna Dal
Farrukhabad,Mukesh Rajput,Bharatiya Janata Party
Etawah,Ashok Kumar Dohre,Bharatiya Janata Party
Kannauj,Dimple Yadav,Samajwadi Party
Kanpur,Dr. Murli Manohar Joshi,Bharatiya Janata Party
Akbarpur,Devendra Singh (Bhole Singh),Bharatiya Janata Party
Jalaun,Bhanu Pratap Singh Verma,Bharatiya Janata Party
Jhansi,Uma Bharti,Bharatiya Janata Party
Hamirpur,Kunwar Pushpendra Singh Chandel,Bharatiya Janata Party
Banda,Bhairon Prasad Mishra,Bharatiya Janata Party
Fatehpur,Niranjan Jyoti,Bharatiya Janata Party
Kaushambi,Vinod Kumar Sonkar,Bharatiya Janata Party
Phulpur,Keshav Prasad Maurya (Resigned on 21 September 2017) Nagendra Pratap Singh Patel (Elected on 14 March 2018),Samajwadi Party
Allahabad,Shyama Charan Gupta,Bharatiya Janata Party
Barabanki,Priyanka Singh Rawat,Bharatiya Janata Party
Faizabad,Lallu Singh,Bharatiya Janata Party
Ambedkar Nagar,Hari Om Pandey,Bharatiya Janata Party
Bahraich,Savitri Bai Phule,Bharatiya Janata Party
Kaisarganj,Brij Bhushan Sharan Singh,Bharatiya Janata Party
Shrawasti,Daddan Mishra,Bharatiya Janata Party
Gonda,Kirti Vardhan Singh,Bharatiya Janata Party
Domriaganj,Jagdambika Pal,Bharatiya Janata Party
Basti,Harish Dwivedi,Bharatiya Janata Party
Sant Kabir Nagar,Sharad Tripathi,Bharatiya Janata Party
Maharajganj,Pankaj Choudhary,Bharatiya Janata Party
Gorakhpur,Yogi Adityanath (Resigned on 21 September 2017) Praveen Kumar Nishad (Elected on 14 March 2018),Samajwadi Party
Kushi Nagar,Rajesh Pandey,Bharatiya Janata Party
Deoria,Kalraj Mishra,Bharatiya Janata Party
Bansgaon,Kamlesh Paswan,Bharatiya Janata Party
Lalganj,Neelam Sonkar,Bharatiya Janata Party
Azamgarh,Mulayam Singh Yadav,Samajwadi Party
Ghosi,Harinarayan Rajbhar,Bharatiya Janata Party
Salempur,Ravindra Kushawaha,Bharatiya Janata Party
Ballia,Bharat Singh,Bharatiya Janata Party
Jaunpur,Krishna Pratap,Bharatiya Janata Party
Machhlishahr,Ram Charitra Nishad,Bharatiya Janata Party
Ghazipur,Manoj Sinha,Bharatiya Janata Party
Chandauli,Mahendra Nath Pandey,Bharatiya Janata Party
Varanasi,Narendra Modi,Bharatiya Janata Party
Sant Ravi Das Nagar (Bhadohi),Virendra Singh,Bharatiya Janata Party
Mirzapur,Anupriya Singh Patel,Apna Dal
Robertsganj,Chhotelal,Bharatiya Janata Party
Tehri Garhwal,Mala Rajya Laxmi Shah,Bharatiya Janata Party
Garhwal,Bhuwan Chandra Khanduri,Bharatiya Janata Party
Almora,Ajay Tamta,Bharatiya Janata Party
Nainital - Udhamsingh Nagar,Bhagat Singh Koshyari,Bharatiya Janata Party
Hardwar,Ramesh Pokhriyal,Bharatiya Janata Party
Koch Bihar,Renuka Sinha (Died on 17 August 2016) Parthapratim Roy (Elected on 22 November 2016),All India Trinamool Congress
Alipurduars,Dasrath Tirkey,All India Trinamool Congress
Jalpaiguri,Bijoy Chandra Barman,All India Trinamool Congress
Darjiling,S. S. Ahluwalia,Bharatiya Janata Party
Raiganj,Mohammed Salim,Communist Party of India (Marxist)
Balurghat,Arpita Ghosh,All India Trinamool Congress
Maldah Uttar,Mausam Noor,Indian National Congress
Maldah Dakshin,Abu Hasem Khan Choudhury,Indian National Congress
Jangipur,Abhijit Mukherjee,Indian National Congress
Baharampur,Adhir Ranjan Chowdhury,Indian National Congress
Murshidabad,Badaruddoza Khan,Communist Party of India (Marxist)
Krishnanagar,Tapas Paul,All India Trinamool Congress
Ranaghat,Tapas Mandal,All India Trinamool Congress
Bangaon,Kapil Krishna Thakur (Died on 13 October 2014) Mamata Thakur (Elected on 16 February 2015),All India Trinamool Congress
Barakpur,Dinesh Trivedi,All India Trinamool Congress
Dum Dum,Saugata Roy,All India Trinamool Congress
Barasat,Kakali Ghoshdostidar,All India Trinamool Congress
Basirhat,Idris Ali,All India Trinamool Congress
Jaynagar,Pratima Mondal,All India Trinamool Congress
Mathurapur,Choudhury Mohan Jatua,All India Trinamool Congress
Diamond Harbour,Abhishek Banerjee,All India Trinamool Congress
Jadavpur,Sugata Bose,All India Trinamool Congress
Kolkata Dakshin,Subrata Bakshi,All India Trinamool Congress
Kolkata Uttar,Sudip Bandyopadhyay,All India Trinamool Congress
Haora,Prasun Banerjee,All India Trinamool Congress
Uluberiya,Sultan Ahmed (Died on 4 September 2017) Sajda Ahmed (Elected on 1 February 2018),All India Trinamool Congress
Shrirampur,Kalyan Banerjee,All India Trinamool Congress
Hugli,Ratna De (Nag),All India Trinamool Congress
Arambag,Aparupa Poddar (Afrin Ali),All India Trinamool Congress
Tamluk,Suvendu Adhikari (Resigned on 19 May 2016) Dibyendu Adhikari (Elected on 22 November 2016),All India Trinamool Congress
Kanthi,Sisir Adhikari,All India Trinamool Congress
Ghatal,Deepak Adhikari (Dev),All India Trinamool Congress
Jhargram,Uma Saren,All India Trinamool Congress
Medinipur,Sandhya Roy,All India Trinamool Congress
Puruliya,Mriganka Mahato,All India Trinamool Congress
Bankura,Moon Moon Sen,All India Trinamool Congress
Bishnupur,Saumitra Khan,All India Trinamool Congress
Barddhaman Purba,Sunil Kumar Mandal,All India Trinamool Congress
Barddhaman - Durgapur,Mamtaz Sanghamita,All India Trinamool Congress
Asansol,Babul Supriyo,Bharatiya Janata Party
Bolpur,Anupam Hazra,All India Trinamool Congress
Birbhum,Satabdi Roy,All India Trinamool Congress
Andaman & Nicobar Islands,Bishnu Pada Ray,Bharatiya Janata Party
Chandigarh,Kirron Kher,Bharatiya Janata Party
Dadra & Nagar Haveli,Natubhai Gomanbhai Patel,Bharatiya Janata Party
Daman & Diu,Lalubhai Patel,Bharatiya Janata Party
Chandni Chowk,Harsh Vardhan,Bharatiya Janata Party
North East Delhi,Manoj Tiwari,Bharatiya Janata Party
East Delhi,Maheish Girri,Bharatiya Janata Party
New Delhi,Meenakshi Lekhi,Bharatiya Janata Party
North West Delhi,Udit Raj,Bharatiya Janata Party
West Delhi,Parvesh Verma,Bharatiya Janata Party
South Delhi,Ramesh Bidhuri,Bharatiya Janata Party
Lakshadweep,Mohammed Faizal P. P.,Nationalist Congress Party
Puducherry,R. Radhakrishnan,All India N.R. Congress
POK,POK,POK
